case_id,first_name,last_name,national_id,birthdate
a98fb204-9211-44bb-82cd-1af590c807f6,ทดสอบ 1,ทดลอง 1,1000000000001,962557200
b8f4d5a6-7541-4c12-8a95-350c4b9bfdc3,ทดสอบ 2,ทดลอง 2,1000000000002,962557200
d2cef028-12eb-4350-9efb-db845dabc510,ทดสอบ 3,ทดลอง 3,1000000000003,962557200
8a081257-99a3-4a0a-98f9-d63af2caf787,ทดสอบ 4,ทดลอง 4,1000000000004,962557200
73204a13-638c-400e-8755-9882ff95a5aa,ทดสอบ 5,ทดลอง 5,1000000000005,962557200
757e0ee9-4d24-48b3-a971-810a4c5c79b7,ทดสอบ 6,ทดลอง 6,1000000000006,962557200
dfea6cbf-d2cb-4be4-9d62-2b6a388e6cc6,ทดสอบ 7,ทดลอง 7,1000000000007,962557200
0ed96e59-49fa-4176-9f1d-9326d70ca64c,ทดสอบ 8,ทดลอง 8,1000000000008,962557200
86fa91bc-df29-4d8d-a552-2bbbbd4623ea,ทดสอบ 9,ทดลอง 9,1000000000009,962557200
c9236da6-e9b3-4a68-83e3-ea33eb7944b1,ทดสอบ 10,ทดลอง 10,1000000000010,962557200
